{
  "roc_auc": 0.7842912206112163,
  "pr_auc": 0.5545172131326898,
  "f1": 0.5459157787924911,
  "threshold": 0.27
}