{
  "x_mean": [
    [
      3.990494966506958,
      2.50103759765625,
      4.502374649047852
    ]
  ],
  "x_std": [
    [
      2.3078231811523438,
      1.1180346012115479,
      2.020765542984009
    ]
  ],
  "y_mean": [
    [
      70.25965881347656
    ]
  ],
  "y_std": [
    [
      11.757827758789062
    ]
  ]
}