{
  "roc_auc": 0.7795193083355494,
  "pr_auc": 0.5513900181910152,
  "f1": 0.5491850157277667,
  "threshold": 0.54
}