{
  "roc_auc": 0.7839437826430962,
  "pr_auc": 0.5506437229176169,
  "f1": 0.5476123595505618,
  "threshold": 0.54
}