{
  "roc_auc": 0.9999077387982666,
  "pr_auc": 0.9996796486645424,
  "f1": 0.9941847292500566,
  "threshold": 0.44
}