{
  "roc_auc": 0.7854939120828951,
  "pr_auc": 0.5547989521101168,
  "f1": 0.5494161207633153,
  "threshold": 0.55
}